Survey,Season,Year,Tow_Number,Region,Stratum,Grid,Date,Common_Name,Number_Caught,Weight_kg,Subsample_Weight_kg,Subsample_Weight_kg_2,Male_Wt_kg,Female_Wt_kg,Expanded_Catch,Expanded_Weight_kg
FL00,Fall,2000,22,2,1,108,2000-11-08T00:00:00Z,Lumpfish,1,0.02,0,,,,1,0.02
FL00,Fall,2000,38,3,2,126,2000-11-14T00:00:00Z,Lumpfish,1,0.02,0,,,,1,0.02
FL00,Fall,2000,74,5,2,118,2000-12-03T00:00:00Z,Lumpfish,1,0.2,0,,,,1,0.2
FL01,Fall,2001,21,2,3,484,2001-10-02T00:00:00Z,Lumpfish,2,1.1,0,,,,1.904761905,1.047619048
FL01,Fall,2001,22,2,3,461,2001-10-02T00:00:00Z,Lumpfish,1,0.2,0,,,,0.952380952,0.19047619
FL01,Fall,2001,33,2,3,199,2001-10-04T00:00:00Z,Lumpfish,2,1.4,0,,,,1.818181818,1.272727273
FL01,Fall,2001,34,2,3,240,2001-10-05T00:00:00Z,Lumpfish,1,0.05,0,,,,0.952380952,0.047619048
FL01,Fall,2001,39,3,3,570,2001-10-08T00:00:00Z,Lumpfish,3,1.4,0,,,,4,1.866666667
FL01,Fall,2001,53,4,3,575,2001-10-15T00:00:00Z,Lumpfish,1,0.04,0,,,,1,0.04
FL02,Fall,2002,33,3,3,592,2002-10-28T00:00:00Z,Lumpfish,1,0.36,0,,,,1,0.36
FL02,Fall,2002,45,3,3,563,2002-10-31T00:00:00Z,Lumpfish,3,2.5,0,,,,3,2.5
FL02,Fall,2002,46,3,3,539,2002-10-31T00:00:00Z,Lumpfish,1,0.3,0,,,,1.333333333,0.4
FL02,Fall,2002,50,4,3,570,2002-11-04T00:00:00Z,Lumpfish,2,1.06,0,,,,2,1.06
FL02,Fall,2002,72,5,3,374,2002-11-15T00:00:00Z,Lumpfish,1,0.05,0,,,,0.952380952,0.047619048
FL02,Fall,2002,76,5,2,196,2002-11-19T00:00:00Z,Lumpfish,1,0.02,0,,,,1,0.02
FL03,Fall,2003,7,1,4,694,2003-10-14T00:00:00Z,Lumpfish,1,6.14,0,,,,1,6.14
FL03,Fall,2003,11,1,4,601,2003-10-16T00:00:00Z,Lumpfish,1,3.32,0,,,,1,3.32
FL03,Fall,2003,38,3,4,844,2003-11-01T00:00:00Z,Lumpfish,2,2.94,0,,,,2,2.94
FL03,Fall,2003,41,3,3,388,2003-11-02T00:00:00Z,Lumpfish,2,0.1,0,,,,2,0.1
FL03,Fall,2003,43,3,3,337,2003-11-02T00:00:00Z,Lumpfish,3,2.82,0,,,,3,2.82
FL03,Fall,2003,46,4,3,583,2003-11-03T00:00:00Z,Lumpfish,1,1,0,,,,1,1
FL03,Fall,2003,59,4,2,96,2003-11-07T00:00:00Z,Lumpfish,1,0.02,0,,,,1,0.02
FL03,Fall,2003,63,5,4,733,2003-11-10T00:00:00Z,Lumpfish,20,37.72,0,,,,20,37.72
FL04,Fall,2004,13,1,4,629,2004-10-14T00:00:00Z,Lumpfish,2,4.58,0,,,,2,4.58
FL04,Fall,2004,22,2,4,710,2004-10-18T00:00:00Z,Lumpfish,1,2.72,0,,,,1,2.72
FL04,Fall,2004,39,3,3,541,2004-10-25T00:00:00Z,Lumpfish,1,0.02,0,,,,1,0.02
FL04,Fall,2004,40,3,3,523,2004-10-25T00:00:00Z,Lumpfish,1,0.1,0,,,,1,0.1
FL04,Fall,2004,58,4,3,590,2004-11-01T00:00:00Z,Lumpfish,2,1.68,0,,,,2,1.68
FL04,Fall,2004,59,4,4,669,2004-11-02T00:00:00Z,Lumpfish,1,1.32,0,,,,1,1.32
FL04,Fall,2004,69,4,1,8,2004-11-07T00:00:00Z,Lumpfish,1,0.03,0,,,,1,0.03
FL04,Fall,2004,72,5,3,611,2004-11-08T00:00:00Z,Lumpfish,2,2.75,0,,,,2,2.75
FL04,Fall,2004,75,5,1,215,2004-11-09T00:00:00Z,Lumpfish,1,0.03,0,,,,1.333333333,0.04
FL04,Fall,2004,79,5,4,678,2004-11-10T00:00:00Z,Lumpfish,2,1.02,0,,,,2,1.02
FL04,Fall,2004,82,5,2,10,2004-11-18T00:00:00Z,Lumpfish,1,1.2,0,,,,1,1.2
FL04,Fall,2004,84,5,3,88,2004-11-18T00:00:00Z,Lumpfish,1,0.02,0,,,,1,0.02
FL05,Fall,2005,19,2,2,377,2005-10-20T00:00:00Z,Lumpfish,1,0.3,0,,,,1,0.3
FL05,Fall,2005,25,2,2,58,2005-10-22T00:00:00Z,Lumpfish,1,0.45,0,,,,1,0.45
FL05,Fall,2005,37,3,3,539,2005-10-31T00:00:00Z,Lumpfish,1,1.14,0,,,,1.333333333,1.52
FL05,Fall,2005,39,3,3,363,2005-11-01T00:00:00Z,Lumpfish,1,0.2,0,,,,1.052631579,0.210526316
FL05,Fall,2005,40,4,4,716,2005-11-01T00:00:00Z,Lumpfish,1,0.76,0,,,,1,0.76
FL05,Fall,2005,47,4,3,460,2005-11-03T00:00:00Z,Lumpfish,1,2.34,0,,,,1,2.34
FL05,Fall,2005,52,5,1,113,2005-11-11T00:00:00Z,Lumpfish,3,0.01,0,,,,3,0.01
FL06,Fall,2006,7,1,4,719,2006-10-03T00:00:00Z,Lumpfish,1,2.92,0,,,,1,2.92
FL06,Fall,2006,25,2,4,661,2006-10-09T00:00:00Z,Lumpfish,2,3.02,0,,,,2,3.02
FL06,Fall,2006,31,2,4,714,2006-10-11T00:00:00Z,Lumpfish,1,1.4,0,,,,1,1.4
FL06,Fall,2006,32,2,4,652,2006-10-11T00:00:00Z,Lumpfish,3,3.38,0,,,,3,3.38
FL06,Fall,2006,33,2,3,469,2006-10-11T00:00:00Z,Lumpfish,1,0.82,0,,,,1,0.82
FL06,Fall,2006,41,3,3,566,2006-10-16T00:00:00Z,Lumpfish,1,0.5,0,,,,1,0.5
FL06,Fall,2006,46,3,3,618,2006-10-17T00:00:00Z,Lumpfish,4,4.6,0,,,,4,4.6
FL06,Fall,2006,48,3,3,523,2006-10-17T00:00:00Z,Lumpfish,1,0.68,0,,,,1,0.68
FL06,Fall,2006,54,3,3,539,2006-10-19T00:00:00Z,Lumpfish,2,1.86,0,,,,2,1.86
FL06,Fall,2006,55,3,4,756,2006-10-19T00:00:00Z,Lumpfish,1,2.1,0,,,,1,2.1
FL06,Fall,2006,56,3,4,743,2006-10-19T00:00:00Z,Lumpfish,2,3.66,0,,,,2,3.66
FL06,Fall,2006,64,4,3,590,2006-10-23T00:00:00Z,Lumpfish,3,1.2,0,,,,3,1.2
FL06,Fall,2006,66,4,4,664,2006-10-24T00:00:00Z,Lumpfish,4,4.64,0,,,,4,4.64
FL06,Fall,2006,72,4,3,505,2006-10-26T00:00:00Z,Lumpfish,4,3.42,0,,,,4,3.42
FL06,Fall,2006,80,5,1,236,2006-11-07T00:00:00Z,Lumpfish,1,0,0,,,,1,0
FL07,Fall,2007,14,1,4,193,2007-10-04T00:00:00Z,Lumpfish,1,1.74,0,,,,1,1.74
FL07,Fall,2007,15,1,4,135,2007-10-04T00:00:00Z,Lumpfish,1,2.02,0,,,,1.176470588,2.376470588
FL07,Fall,2007,17,1,3,77,2007-10-04T00:00:00Z,Lumpfish,1,2.62,0,,,,1.052631579,2.757894737
FL07,Fall,2007,24,2,3,586,2007-10-08T00:00:00Z,Lumpfish,8,13.78,0,,,,8.421052632,14.50526316
FL07,Fall,2007,26,2,4,713,2007-10-09T00:00:00Z,Lumpfish,4,5.22,0,,,,4,5.22
FL07,Fall,2007,27,2,4,620,2007-10-09T00:00:00Z,Lumpfish,7,7.72,0,,,,7,7.72
FL07,Fall,2007,28,2,3,506,2007-10-09T00:00:00Z,Lumpfish,8,5.74,0,,,,8,5.74
FL07,Fall,2007,29,2,3,468,2007-10-09T00:00:00Z,Lumpfish,1,0.38,0,,,,1,0.38
FL07,Fall,2007,30,2,3,467,2007-10-10T00:00:00Z,Lumpfish,7,4.16,0,,,,7,4.16
FL07,Fall,2007,33,2,1,341,2007-10-10T00:00:00Z,Lumpfish,1,0.08,0,,,,1.333333333,0.106666667
FL07,Fall,2007,42,3,3,620,2007-10-16T00:00:00Z,Lumpfish,1,0.26,0,,,,1.333333333,0.346666667
FL07,Fall,2007,43,3,4,705,2007-10-16T00:00:00Z,Lumpfish,5,9.3,0,,,,5,9.3
FL07,Fall,2007,45,3,4,786,2007-10-16T00:00:00Z,Lumpfish,2,5,0,,,,2,5
FL07,Fall,2007,50,3,3,427,2007-10-18T00:00:00Z,Lumpfish,1,3.44,0,,,,1,3.44
FL07,Fall,2007,52,3,3,319,2007-10-18T00:00:00Z,Lumpfish,3,1.02,0,,,,3,1.02
FL07,Fall,2007,58,4,3,485,2007-10-22T00:00:00Z,Lumpfish,2,0.84,0,,,,2.5,1.05
FL07,Fall,2007,76,5,2,651,2007-10-29T00:00:00Z,Lumpfish,1,0.35,0,,,,1,0.35
FL07,Fall,2007,84,5,3,530,2007-10-31T00:00:00Z,Lumpfish,1,0,0,,,,1,0
FL08,Fall,2008,6,1,4,567,2008-10-01T00:00:00Z,Lumpfish,1,1.24,0,,,,1,1.24
FL08,Fall,2008,7,1,3,504,2008-10-01T00:00:00Z,Lumpfish,1,1.16,0,,,,1,1.16
FL08,Fall,2008,18,2,1,154,2008-10-06T00:00:00Z,Lumpfish,1,0.19,0,,,,1.428571429,0.271428571
FL08,Fall,2008,21,2,4,720,2008-10-07T00:00:00Z,Lumpfish,1,1.92,0,,,,1,1.92
FL08,Fall,2008,22,2,4,723,2008-10-07T00:00:00Z,Lumpfish,1,1.26,0,,,,1,1.26
FL08,Fall,2008,23,2,4,691,2008-10-07T00:00:00Z,Lumpfish,5,6.44,0,,,,5,6.44
FL08,Fall,2008,24,2,3,615,2008-10-07T00:00:00Z,Lumpfish,1,0.12,0,,,,1,0.12
FL08,Fall,2008,29,2,2,194,2008-10-08T00:00:00Z,Lumpfish,1,0.19,0,,,,1.333333333,0.253333333
FL08,Fall,2008,31,2,3,170,2008-10-09T00:00:00Z,Lumpfish,13,11.42,0,,,,13,11.42
FL08,Fall,2008,33,2,3,242,2008-10-10T00:00:00Z,Lumpfish,2,1.06,0,,,,2,1.06
FL08,Fall,2008,34,2,3,208,2008-10-10T00:00:00Z,Lumpfish,3,1.12,0,,,,3,1.12
FL08,Fall,2008,35,3,3,566,2008-10-13T00:00:00Z,Lumpfish,1,1.28,0,,,,1,1.28
FL08,Fall,2008,41,3,2,437,2008-10-15T00:00:00Z,Lumpfish,1,1.42,0,,,,1,1.42
FL08,Fall,2008,42,3,4,759,2008-10-15T00:00:00Z,Lumpfish,3,3.92,0,,,,3,3.92
FL08,Fall,2008,43,3,4,786,2008-10-15T00:00:00Z,Lumpfish,1,0.26,0,,,,1,0.26
FL08,Fall,2008,45,3,3,427,2008-10-16T00:00:00Z,Lumpfish,3,1.6,0,,,,3,1.6
FL08,Fall,2008,46,3,3,557,2008-10-16T00:00:00Z,Lumpfish,1,0.6,0,,,,1.25,0.75
FL08,Fall,2008,56,4,3,614,2008-10-21T00:00:00Z,Lumpfish,2,0.22,0,,,,2,0.22
FL08,Fall,2008,69,5,4,751,2008-10-28T00:00:00Z,Lumpfish,4,6.72,0,,,,4,6.72
FL08,Fall,2008,73,5,3,557,2008-10-31T00:00:00Z,Lumpfish,1,0.002,0,,,,1,0.002
FL08,Fall,2008,74,5,3,589,2008-10-31T00:00:00Z,Lumpfish,1,0.005,0,,,,1,0.005
FL08,Fall,2008,75,5,1,114,2008-11-01T00:00:00Z,Lumpfish,3,0.019,0,,,,7.5,0.0475
FL09,Fall,2009,12,1,4,277,2009-10-07T00:00:00Z,Lumpfish,1,1.15,0,,,,1,1.15
FL09,Fall,2009,13,1,4,133,2009-10-07T00:00:00Z,Lumpfish,3,3.66,0,,,,3,3.66
FL09,Fall,2009,23,2,3,593,2009-10-12T00:00:00Z,Lumpfish,4,1.5,0,,,,4.705882353,1.764705882
FL09,Fall,2009,25,2,3,531,2009-10-12T00:00:00Z,Lumpfish,6,4.74,0,,,,6,4.74
FL09,Fall,2009,33,2,3,347,2009-10-14T00:00:00Z,Lumpfish,1,0.42,0,,,,1,0.42
FL09,Fall,2009,35,2,3,168,2009-10-15T00:00:00Z,Lumpfish,28,28.34,0,,,,28,28.34
FL09,Fall,2009,36,2,3,204,2009-10-15T00:00:00Z,Lumpfish,4,1.24,0,,,,4,1.24
FL09,Fall,2009,38,2,4,515,2009-10-15T00:00:00Z,Lumpfish,4,3.92,0,,,,4,3.92
FL09,Fall,2009,39,2,4,601,2009-10-15T00:00:00Z,Lumpfish,1,1.16,0,,,,1,1.16
FL09,Fall,2009,40,3,3,516,2009-10-20T00:00:00Z,Lumpfish,2,1.56,0,,,,2,1.56
FL09,Fall,2009,41,3,3,545,2009-10-20T00:00:00Z,Lumpfish,2,1,0,,,,2,1
FL09,Fall,2009,50,3,3,558,2009-10-22T00:00:00Z,Lumpfish,3,2.08,0,,,,3,2.08
FL09,Fall,2009,51,3,4,561,2009-10-22T00:00:00Z,Lumpfish,3,1.68,0,,,,3,1.68
FL09,Fall,2009,52,3,4,611,2009-10-22T00:00:00Z,Lumpfish,1,0.31,0,,,,1,0.31
FL09,Fall,2009,53,3,4,534,2009-10-22T00:00:00Z,Lumpfish,2,1.94,0,,,,2,1.94
FL09,Fall,2009,80,5,2,581,2009-11-02T00:00:00Z,Lumpfish,1,1.46,0,,,,1.111111111,1.622222222
FL09,Fall,2009,81,5,4,743,2009-11-02T00:00:00Z,Lumpfish,2,2.14,0,,,,2,2.14
FL09,Fall,2009,82,5,4,699,2009-11-02T00:00:00Z,Lumpfish,2,2.66,0,,,,2,2.66
FL09,Fall,2009,90,5,2,195,2009-11-05T00:00:00Z,Lumpfish,1,0.02,0,,,,1.25,0.025
FL10,Fall,2010,6,1,3,542,2010-10-07T00:00:00Z,Lumpfish,3,3.74,0,,,,3,3.74
FL10,Fall,2010,9,1,3,582,2010-10-07T00:00:00Z,Lumpfish,1,0.56,0,,,,1,0.56
FL10,Fall,2010,19,2,4,725,2010-10-11T00:00:00Z,Lumpfish,1,0.72,0,,,,1,0.72
FL10,Fall,2010,20,2,3,643,2010-10-11T00:00:00Z,Lumpfish,2,0.94,0,,,,2,0.94
FL10,Fall,2010,29,2,1,263,2010-10-13T00:00:00Z,Lumpfish,1,0.01,,,,,1,0.01
FL10,Fall,2010,38,2,4,575,2010-10-14T00:00:00Z,Lumpfish,2,1.12,,,,,2,1.12
FL10,Fall,2010,49,3,4,770,2010-10-20T00:00:00Z,Lumpfish,1,0.007,,,,,1,0.007
FL10,Fall,2010,53,3,4,560,2010-10-21T00:00:00Z,Lumpfish,7,3.74,,,,,7,3.74
FL10,Fall,2010,54,3,4,587,2010-10-21T00:00:00Z,Lumpfish,2,0.81,,,,,2,0.81
FL10,Fall,2010,55,3,3,336,2010-10-21T00:00:00Z,Lumpfish,1,0.3,,,,,1,0.3
FL10,Fall,2010,58,4,4,706,2010-10-25T00:00:00Z,Lumpfish,3,1.34,,,,,3,1.34
FL10,Fall,2010,60,4,4,638,2010-10-25T00:00:00Z,Lumpfish,1,0.17,,,,,1,0.17
FL10,Fall,2010,65,4,3,499,2010-10-27T00:00:00Z,Lumpfish,1,0.59,,,,,1.428571429,0.842857143
FL10,Fall,2010,74,5,4,744,2010-11-01T00:00:00Z,Lumpfish,1,1.3,,,,,1,1.3
FL10,Fall,2010,75,5,1,255,2010-11-01T00:00:00Z,Lumpfish,2,0.007,,,,,2,0.007
FL11,Fall,2011,7,1,4,627,2011-10-05T00:00:00Z,Lumpfish,1,0.83,,,,,1,0.83
FL11,Fall,2011,14,1,4,237,2011-10-07T00:00:00Z,Lumpfish,2,2.39,,,,,2,2.39
FL11,Fall,2011,15,1,4,109,2011-10-07T00:00:00Z,Lumpfish,1,1.65,,,,,1,1.65
FL11,Fall,2011,18,1,3,65,2011-10-08T00:00:00Z,Lumpfish,1,0.37,,,,,1,0.37
FL11,Fall,2011,31,2,4,677,2011-10-12T00:00:00Z,Lumpfish,1,0.81,,,,,1,0.81
FL11,Fall,2011,32,2,4,594,2011-10-12T00:00:00Z,Lumpfish,2,2.42,,,,,2.352941176,2.847058824
FL11,Fall,2011,39,3,2,435,2011-10-18T00:00:00Z,Lumpfish,1,0.28,,,,,1,0.28
FL11,Fall,2011,49,3,4,561,2011-10-22T00:00:00Z,Lumpfish,2,1.01,,,,,2,1.01
FL11,Fall,2011,50,3,4,507,2011-10-22T00:00:00Z,Lumpfish,1,0.17,,,,,1.333333333,0.226666667
FL11,Fall,2011,53,4,3,587,2011-10-24T00:00:00Z,Lumpfish,1,0.01,,,,,1,0.01
FL11,Fall,2011,54,4,3,543,2011-10-24T00:00:00Z,Lumpfish,1,0.2,,,,,1.25,0.25
FL11,Fall,2011,59,4,4,596,2011-10-26T00:00:00Z,Lumpfish,1,0.49,,,,,1,0.49
FL11,Fall,2011,74,5,1,255,2011-11-02T00:00:00Z,Lumpfish,1,0.01,,,,,1,0.01
FL12,Fall,2012,5,1,3,483,2012-09-25T00:00:00Z,Lumpfish,4,3.3,,,,,4,3.3
FL12,Fall,2012,12,1,4,489,2012-09-26T00:00:00Z,Lumpfish,1,0.63,,,,,1,0.63
FL12,Fall,2012,16,1,3,248,2012-09-27T00:00:00Z,Lumpfish,1,0.44,,,,,1.25,0.55
FL12,Fall,2012,21,1,3,66,2012-09-28T00:00:00Z,Lumpfish,5,2.24,,,,,5,2.24
FL12,Fall,2012,22,1,3,87,2012-09-28T00:00:00Z,Lumpfish,3,1.62,,,,,3.75,2.025
FL12,Fall,2012,24,2,4,706,2012-10-01T00:00:00Z,Lumpfish,2,1.58,,,,,1.904761905,1.504761905
FL12,Fall,2012,25,2,3,614,2012-10-01T00:00:00Z,Lumpfish,2,0.6,,,,,2.666666667,0.8
FL12,Fall,2012,31,2,4,620,2012-10-02T00:00:00Z,Lumpfish,4,1.24,,,,,4,1.24
FL12,Fall,2012,32,2,3,468,2012-10-02T00:00:00Z,Lumpfish,3,0.98,,,,,3.333333333,1.088888889
FL12,Fall,2012,38,2,4,515,2012-10-04T00:00:00Z,Lumpfish,1,0.94,,,,,1.333333333,1.253333333
FL13,Fall,2013,5,1,3,603,2013-09-24T00:00:00Z,Lumpfish,3,4.08,,,,,3,4.08
FL13,Fall,2013,7,1,3,561,2013-09-24T00:00:00Z,Lumpfish,1,0.3,,,,,1,0.3
FL13,Fall,2013,13,1,3,466,2013-09-25T00:00:00Z,Lumpfish,1,0.42,,,,,1,0.42
FL13,Fall,2013,15,1,4,372,2013-09-26T00:00:00Z,Lumpfish,3,1.9,,,,,3,1.9
FL13,Fall,2013,18,1,4,109,2013-09-26T00:00:00Z,Lumpfish,1,0.38,,,,,1,0.38
FL13,Fall,2013,24,2,3,640,2013-09-30T00:00:00Z,Lumpfish,9,5.7,,,,,9,5.7
FL13,Fall,2013,27,2,4,644,2013-10-01T00:00:00Z,Lumpfish,3,2.32,,,,,3,2.32
FL13,Fall,2013,28,2,4,594,2013-10-01T00:00:00Z,Lumpfish,1,0.58,,,,,1.052631579,0.610526316
FL13,Fall,2013,29,2,3,566,2013-10-01T00:00:00Z,Lumpfish,3,1.44,,,,,3,1.44
FL13,Fall,2013,39,2,4,519,2013-10-03T00:00:00Z,Lumpfish,1,1.06,,,,,1,1.06
FL13,Fall,2013,41,2,3,208,2013-10-03T00:00:00Z,Lumpfish,1,1.86,,,,,1.052631579,1.957894737
FL13,Fall,2013,42,2,3,279,2013-10-03T00:00:00Z,Lumpfish,1,0.29,,,,,1,0.29
FL13,Fall,2013,45,2,2,102,2013-10-04T00:00:00Z,Lumpfish,3,1.7,,,,,3.157894737,1.789473684
FL13,Fall,2013,47,3,3,568,2013-10-07T00:00:00Z,Lumpfish,1,0.83,,,,,1.176470588,0.976470588
FL13,Fall,2013,56,3,4,759,2013-10-09T00:00:00Z,Lumpfish,1,2.35,,,,,1,2.35
FL13,Fall,2013,59,3,4,664,2013-10-09T00:00:00Z,Lumpfish,2,1.98,,,,,2.222222222,2.2
FL13,Fall,2013,61,3,3,382,2013-10-10T00:00:00Z,Lumpfish,2,1.45,,,,,2,1.45
FL13,Fall,2013,63,3,4,534,2013-10-10T00:00:00Z,Lumpfish,2,0.009,,,,,2.5,0.01125
FL13,Fall,2013,69,4,3,491,2013-10-14T00:00:00Z,Lumpfish,1,0.63,,,,,1,0.63
FL13,Fall,2013,87,5,4,718,2013-10-21T00:00:00Z,Lumpfish,1,0.41,,,,,1,0.41
FL14,Fall,2014,6,1,4,565,2014-09-30T00:00:00Z,Lumpfish,2,1.29,,,,,2,1.29
FL14,Fall,2014,7,1,3,505,2014-09-30T00:00:00Z,Lumpfish,2,1.99,,,,,2,1.99
FL14,Fall,2014,8,1,4,424,2014-09-30T00:00:00Z,Lumpfish,4,1.46,,,,,4,1.46
FL14,Fall,2014,15,1,4,392,2014-10-02T00:00:00Z,Lumpfish,1,1.47,,,,,1,1.47
FL14,Fall,2014,16,1,4,356,2014-10-02T00:00:00Z,Lumpfish,3,1.74,,,,,3,1.74
FL14,Fall,2014,17,1,4,276,2014-10-02T00:00:00Z,Lumpfish,1,1.15,,,,,1,1.15
FL14,Fall,2014,18,1,4,107,2014-10-02T00:00:00Z,Lumpfish,4,2.74,,,,,4,2.74
FL14,Fall,2014,29,2,4,686,2014-10-07T00:00:00Z,Lumpfish,1,0.69,,,,,1,0.69
FL14,Fall,2014,30,2,4,668,2014-10-07T00:00:00Z,Lumpfish,2,0.91,,,,,2,0.91
FL14,Fall,2014,32,2,3,593,2014-10-07T00:00:00Z,Lumpfish,2,0.99,,,,,2.666666667,1.32
FL14,Fall,2014,33,2,3,347,2014-10-08T00:00:00Z,Lumpfish,1,0.4,,,,,1,0.4
FL14,Fall,2014,37,2,4,237,2014-10-09T00:00:00Z,Lumpfish,2,1.38,,,,,2,1.38
FL14,Fall,2014,38,2,3,141,2014-10-09T00:00:00Z,Lumpfish,7,3.32,,,,,7,3.32
FL14,Fall,2014,39,2,3,173,2014-10-10T00:00:00Z,Lumpfish,2,0.85,,,,,2.5,1.0625
FL14,Fall,2014,40,2,2,68,2014-10-10T00:00:00Z,Lumpfish,4,1.98,,,,,4,1.98
FL14,Fall,2014,41,3,3,569,2014-10-13T00:00:00Z,Lumpfish,2,1.44,,,,,2.105263158,1.515789474
FL14,Fall,2014,43,3,3,542,2014-10-13T00:00:00Z,Lumpfish,4,2.24,,,,,4.210526316,2.357894737
FL14,Fall,2014,50,3,3,493,2014-10-15T00:00:00Z,Lumpfish,2,0.79,,,,,2.105263158,0.831578947
FL14,Fall,2014,51,3,4,705,2014-10-15T00:00:00Z,Lumpfish,1,1.35,,,,,1,1.35
FL14,Fall,2014,67,4,3,438,2014-10-21T00:00:00Z,Lumpfish,1,0.004,,,,,1.333333333,0.005333333
FL15,Fall,2015,1,1,3,583,2015-09-28T00:00:00Z,Lumpfish,7,5.01,,,,,7,5.01
FL15,Fall,2015,2,1,3,600,2015-09-28T00:00:00Z,Lumpfish,2,0.66,,,,,2,0.66
FL15,Fall,2015,7,1,3,435,2015-09-29T00:00:00Z,Lumpfish,9,2.48,,,,,11.25,3.1
FL15,Fall,2015,8,1,3,452,2015-09-29T00:00:00Z,Lumpfish,5,1.48,,,,,5,1.48
FL15,Fall,2015,9,1,4,455,2015-09-29T00:00:00Z,Lumpfish,4,1.42,,,,,4,1.42
FL15,Fall,2015,10,1,4,546,2015-09-29T00:00:00Z,Lumpfish,5,3.15,,,,,5,3.15
FL15,Fall,2015,11,1,3,422,2015-09-30T00:00:00Z,Lumpfish,3,1.04,,,,,3,1.04
FL15,Fall,2015,13,1,3,252,2015-10-01T00:00:00Z,Lumpfish,4,1.79,,,,,4.210526316,1.884210526
FL15,Fall,2015,15,1,4,189,2015-10-01T00:00:00Z,Lumpfish,1,0.22,,,,,1,0.22
FL15,Fall,2015,16,1,4,58,2015-10-01T00:00:00Z,Lumpfish,1,0.51,,,,,1,0.51
FL15,Fall,2015,22,2,4,732,2015-10-06T00:00:00Z,Lumpfish,1,0.01,,,,,1,0.01
FL15,Fall,2015,23,2,4,689,2015-10-06T00:00:00Z,Lumpfish,5,2.29,,,,,5,2.29
FL15,Fall,2015,24,2,3,536,2015-10-06T00:00:00Z,Lumpfish,1,0.38,,,,,1.25,0.475
FL15,Fall,2015,26,2,4,553,2015-10-07T00:00:00Z,Lumpfish,2,1.4,,,,,2,1.4
FL15,Fall,2015,27,2,4,578,2015-10-07T00:00:00Z,Lumpfish,1,0.23,,,,,1,0.23
FL15,Fall,2015,28,2,4,627,2015-10-07T00:00:00Z,Lumpfish,1,1.19,,,,,1,1.19
FL15,Fall,2015,32,2,2,308,2015-10-08T00:00:00Z,Lumpfish,1,0.14,,,,,1.052631579,0.147368421
FL15,Fall,2015,34,2,3,119,2015-10-09T00:00:00Z,Lumpfish,1,0.2,,,,,1,0.2
FL15,Fall,2015,35,2,3,244,2015-10-09T00:00:00Z,Lumpfish,1,0.18,,,,,1,0.18
FL15,Fall,2015,37,3,3,460,2015-10-12T00:00:00Z,Lumpfish,1,0.48,,,,,1,0.48
FL15,Fall,2015,38,3,3,463,2015-10-12T00:00:00Z,Lumpfish,1,0.35,,,,,1,0.35
FL15,Fall,2015,46,3,4,775,2015-10-14T00:00:00Z,Lumpfish,1,0.47,,,,,1,0.47
FL15,Fall,2015,47,3,4,785,2015-10-14T00:00:00Z,Lumpfish,1,0.61,,,,,1,0.61
FL15,Fall,2015,50,3,3,555,2015-10-15T00:00:00Z,Lumpfish,2,0.93,,,,,2.666666667,1.24
FL15,Fall,2015,56,4,4,691,2015-10-19T00:00:00Z,Lumpfish,1,1.47,,,,,1,1.47
FL15,Fall,2015,61,4,4,506,2015-10-21T00:00:00Z,Lumpfish,1,1.22,,,,,1,1.22
FL15,Fall,2015,62,4,3,414,2015-10-21T00:00:00Z,Lumpfish,1,0.28,,,,,1,0.28
FL15,Fall,2015,64,4,3,247,2015-10-22T00:00:00Z,Lumpfish,1,0.49,,,,,1,0.49
FL15,Fall,2015,70,5,3,693,2015-10-26T00:00:00Z,Lumpfish,3,1.21,,,,,3,1.21
FL15,Fall,2015,73,5,3,523,2015-10-27T00:00:00Z,Lumpfish,1,0.26,,,,,1.538461538,0.4
FL15,Fall,2015,80,5,2,364,2015-10-28T00:00:00Z,Lumpfish,1,0.24,,,,,1.818181818,0.436363636
FL16,Fall,2016,11,1,4,507,2016-09-27T00:00:00Z,Lumpfish,3,1.46,,,,,3,1.46
FL16,Fall,2016,13,1,4,257,2016-09-29T00:00:00Z,Lumpfish,1,0.01,,,,,1,0.01
FL16,Fall,2016,17,1,3,77,2016-09-30T00:00:00Z,Lumpfish,2,0.82,,,,,2,0.82
FL16,Fall,2016,18,1,3,87,2016-09-30T00:00:00Z,Lumpfish,2,0.66,,,,,2.222222222,0.733333333
FL16,Fall,2016,42,3,2,346,2016-10-11T00:00:00Z,Lumpfish,2,0.35,,,,,4,0.7
FL16,Fall,2016,48,3,4,741,2016-10-13T00:00:00Z,Lumpfish,1,0.03,,,,,1,0.03
FL16,Fall,2016,50,3,4,709,2016-10-13T00:00:00Z,Lumpfish,1,0.41,,,,,1,0.41
FL16,Fall,2016,52,3,3,532,2016-10-14T00:00:00Z,Lumpfish,3,0.79,,,,,3.333333333,0.877777778
FL16,Fall,2016,53,3,3,382,2016-10-14T00:00:00Z,Lumpfish,1,0.51,,,,,1.25,0.6375
FL16,Fall,2016,54,3,3,364,2016-10-14T00:00:00Z,Lumpfish,1,0.28,,,,,1.176470588,0.329411765
FL16,Fall,2016,59,4,3,542,2016-10-17T00:00:00Z,Lumpfish,2,0.38,,,,,2,0.38
FL16,Fall,2016,64,4,3,572,2016-10-19T00:00:00Z,Lumpfish,1,0.22,,,,,1.333333333,0.293333333
FL16,Fall,2016,65,4,4,620,2016-10-19T00:00:00Z,Lumpfish,2,0.73,,,,,2,0.73
FL16,Fall,2016,67,4,3,293,2016-10-20T00:00:00Z,Lumpfish,1,0.3,,,,,1,0.3
FL16,Fall,2016,68,4,3,357,2016-10-20T00:00:00Z,Lumpfish,1,0.05,,,,,1.538461538,0.076923077
FL16,Fall,2016,70,4,2,158,2016-10-20T00:00:00Z,Lumpfish,3,1.25,,,,,3,1.25
FL16,Fall,2016,73,5,2,459,2016-10-25T00:00:00Z,Lumpfish,1,0.3,,,,,1,0.3
FL16,Fall,2016,76,5,2,489,2016-10-26T00:00:00Z,Lumpfish,1,0.21,,,,,1,0.21
FL16,Fall,2016,77,5,1,255,2016-10-26T00:00:00Z,Lumpfish,8,0.04,,,,,8,0.04
FL16,Fall,2016,83,5,1,115,2016-10-29T00:00:00Z,Lumpfish,2,0.005,,,,,2.105263158,0.005263158
FL17,Fall,2017,1,1,3,543,2017-10-02T00:00:00Z,Lumpfish,4,3.26,,,,,4,3.26
FL17,Fall,2017,3,1,3,580,2017-10-02T00:00:00Z,Lumpfish,2,0.62,,,,,2,0.62
FL17,Fall,2017,7,1,2,434,2017-10-03T00:00:00Z,Lumpfish,5,1.39,,,,,5.555555556,1.544444444
FL17,Fall,2017,8,1,3,367,2017-10-03T00:00:00Z,Lumpfish,3,0.69,,,,,4.285714286,0.985714286
FL17,Fall,2017,9,1,3,311,2017-10-03T00:00:00Z,Lumpfish,2,0.41,,,,,2.666666667,0.546666667
FL17,Fall,2017,11,1,4,390,2017-10-03T00:00:00Z,Lumpfish,4,1.71,,,,,4,1.71
FL17,Fall,2017,17,1,4,232,2017-10-05T00:00:00Z,Lumpfish,3,1.82,,,,,3,1.82
FL17,Fall,2017,18,1,4,257,2017-10-05T00:00:00Z,Lumpfish,2,0.93,,,,,2,0.93
FL17,Fall,2017,19,1,4,135,2017-10-05T00:00:00Z,Lumpfish,2,1.99,,,,,2,1.99
FL17,Fall,2017,20,1,4,95,2017-10-05T00:00:00Z,Lumpfish,1,0.53,,,,,1,0.53
FL17,Fall,2017,22,1,3,77,2017-10-06T00:00:00Z,Lumpfish,5,1.2,,,,,5,1.2
FL17,Fall,2017,23,1,3,99,2017-10-06T00:00:00Z,Lumpfish,5,1.69,,,,,5,1.69
FL17,Fall,2017,27,2,4,720,2017-10-09T00:00:00Z,Lumpfish,4,3.61,,,,,4,3.61
FL17,Fall,2017,28,2,4,741,2017-10-09T00:00:00Z,Lumpfish,1,0.63,,,,,1,0.63
FL17,Fall,2017,29,2,4,664,2017-10-09T00:00:00Z,Lumpfish,4,2.38,,,,,5,2.975
FL17,Fall,2017,37,2,4,696,2017-10-11T00:00:00Z,Lumpfish,3,2.16,,,,,3,2.16
FL17,Fall,2017,38,2,4,669,2017-10-11T00:00:00Z,Lumpfish,6,2.96,,,,,6,2.96
FL17,Fall,2017,39,2,3,565,2017-10-11T00:00:00Z,Lumpfish,3,0.8,,,,,3.157894737,0.842105263
FL17,Fall,2017,42,2,4,656,2017-10-12T00:00:00Z,Lumpfish,1,4.86,,,,,1,4.86
FL17,Fall,2017,43,2,3,468,2017-10-12T00:00:00Z,Lumpfish,1,0.58,,,,,1,0.58
FL17,Fall,2017,44,2,3,274,2017-10-12T00:00:00Z,Lumpfish,2,0.63,,,,,2,0.63
FL17,Fall,2017,45,2,3,96,2017-10-13T00:00:00Z,Lumpfish,4,1.18,,,,,4,1.18
FL17,Fall,2017,47,2,3,173,2017-10-13T00:00:00Z,Lumpfish,5,2.09,,,,,5,2.09
FL17,Fall,2017,49,3,3,490,2017-10-16T00:00:00Z,Lumpfish,1,0.23,,,,,1,0.23
FL17,Fall,2017,50,3,3,463,2017-10-16T00:00:00Z,Lumpfish,1,0.41,,,,,1,0.41
FL17,Fall,2017,59,3,4,746,2017-10-18T00:00:00Z,Lumpfish,1,0.54,,,,,1,0.54
FL17,Fall,2017,67,4,4,707,2017-10-23T00:00:00Z,Lumpfish,1,0.47,,,,,1,0.47
FL17,Fall,2017,69,4,3,633,2017-10-23T00:00:00Z,Lumpfish,1,0.32,,,,,1.333333333,0.426666667
FL17,Fall,2017,85,5,2,608,2017-11-01T00:00:00Z,Lumpfish,1,0.01,,,,,1,0.01
FL17,Fall,2017,87,5,3,493,2017-11-02T00:00:00Z,Lumpfish,1,0.02,,,,,1.25,0.025
FL18,Fall,2018,1,1,3,680,2018-10-01T00:00:00Z,Lumpfish,2,0.69,,,,,2,0.69
FL18,Fall,2018,6,1,3,623,2018-10-02T00:00:00Z,Lumpfish,1,0.57,,,,,1,0.57
FL18,Fall,2018,7,1,4,587,2018-10-02T00:00:00Z,Lumpfish,1,1.28,,,,,1,1.28
FL18,Fall,2018,8,1,3,469,2018-10-02T00:00:00Z,Lumpfish,1,0.3,,,,,1,0.3
FL18,Fall,2018,9,1,3,451,2018-10-02T00:00:00Z,Lumpfish,1,0.33,,,,,1,0.33
FL18,Fall,2018,14,1,4,443,2018-10-04T00:00:00Z,Lumpfish,2,4.52,,,,,1.818181818,4.109090909
FL18,Fall,2018,22,1,2,51,2018-10-05T00:00:00Z,Lumpfish,1,0.15,,,,,1.176470588,0.176470588
FL18,Fall,2018,23,1,3,77,2018-10-05T00:00:00Z,Lumpfish,3,0.8,,,,,3.157894737,0.842105263
FL18,Fall,2018,30,2,4,624,2018-10-10T00:00:00Z,Lumpfish,1,0.37,,,,,1,0.37
FL18,Fall,2018,33,2,3,508,2018-10-10T00:00:00Z,Lumpfish,1,0.25,,,,,1,0.25
FL18,Fall,2018,36,2,4,476,2018-10-11T00:00:00Z,Lumpfish,1,0.001,,,,,2,0.002
FL18,Fall,2018,39,2,4,521,2018-10-12T00:00:00Z,Lumpfish,3,1.29,,,,,3,1.29
FL18,Fall,2018,89,5,4,507,2018-10-31T00:00:00Z,Lumpfish,2,0.54,,,,,2,0.54
FL18,Fall,2018,96,5,1,115,2018-11-02T00:00:00Z,Lumpfish,1,0.01,,,,,1,0.01
FL19,Fall,2019,1,1,3,677,2019-09-23T00:00:00Z,Lumpfish,1,0.15,,,,,1,0.15
FL19,Fall,2019,7,1,3,562,2019-09-24T00:00:00Z,Lumpfish,2,0.67,,,,,2,0.67
FL19,Fall,2019,8,1,3,467,2019-09-24T00:00:00Z,Lumpfish,3,0.82,,,,,3,0.82
FL19,Fall,2019,9,1,2,420,2019-09-24T00:00:00Z,Lumpfish,2,0.31,,,,,2.105263158,0.326315789
FL19,Fall,2019,12,1,2,449,2019-09-26T00:00:00Z,Lumpfish,5,0.85,,,,,5,0.85
FL19,Fall,2019,17,1,4,235,2019-09-26T00:00:00Z,Lumpfish,1,0.39,,,,,1,0.39
FL19,Fall,2019,21,1,2,30,2019-09-27T00:00:00Z,Lumpfish,2,0.47,,,,,2,0.47
FL19,Fall,2019,29,2,4,736,2019-10-01T00:00:00Z,Lumpfish,1,0.87,,,,,1.052631579,0.915789474
FL19,Fall,2019,30,2,4,713,2019-10-01T00:00:00Z,Lumpfish,1,0.89,,,,,1,0.89
FL19,Fall,2019,31,2,3,566,2019-10-01T00:00:00Z,Lumpfish,1,0.17,,,,,1.333333333,0.226666667
FL19,Fall,2019,34,2,3,468,2019-10-02T00:00:00Z,Lumpfish,1,0.17,,,,,1.052631579,0.178947368
FL19,Fall,2019,51,3,4,751,2019-10-09T00:00:00Z,Lumpfish,1,0.27,,,,,0.952380952,0.257142857
FL19,Fall,2019,52,3,4,664,2019-10-09T00:00:00Z,Lumpfish,5,1.74,,,,,5,1.74
FL19,Fall,2019,96,5,3,105,2019-10-25T00:00:00Z,Lumpfish,1,0.59,,,,,1.052631579,0.621052632
FL20,Fall,2020,1,1,3,621,2020-09-21T00:00:00Z,Lumpfish,1,0.39,,,,,1,0.39
FL20,Fall,2020,2,1,3,659,2020-09-21T00:00:00Z,Lumpfish,1,0.27,,,,,1,0.27
FL20,Fall,2020,4,1,3,453,2020-09-22T00:00:00Z,Lumpfish,6,2.1,,,,,4.285714286,1.5
FL20,Fall,2020,6,1,4,442,2020-09-23T00:00:00Z,Lumpfish,2,3.55,,,,,2,3.55
FL20,Fall,2020,7,1,4,372,2020-09-23T00:00:00Z,Lumpfish,8,4.13,,,,,8,4.13
FL20,Fall,2020,8,1,4,258,2020-09-23T00:00:00Z,Lumpfish,3,1.55,,,,,3,1.55
FL20,Fall,2020,9,1,4,235,2020-09-23T00:00:00Z,Lumpfish,1,0.32,,,,,1,0.32
FL20,Fall,2020,10,1,4,149,2020-09-23T00:00:00Z,Lumpfish,5,2.99,,,,,5,2.99
FL20,Fall,2020,11,1,4,95,2020-09-23T00:00:00Z,Lumpfish,1,1.08,,,,,1,1.08
FL20,Fall,2020,14,1,3,144,2020-09-24T00:00:00Z,Lumpfish,1,0.33,,,,,1.176470588,0.388235294
FL20,Fall,2020,23,2,4,738,2020-09-27T00:00:00Z,Lumpfish,2,1.55,,,,,2,1.55
FL20,Fall,2020,24,2,4,669,2020-09-27T00:00:00Z,Lumpfish,1,0.57,,,,,1,0.57
FL20,Fall,2020,25,2,3,561,2020-09-27T00:00:00Z,Lumpfish,2,0.92,,,,,2,0.92
FL20,Fall,2020,26,2,3,611,2020-09-27T00:00:00Z,Lumpfish,3,0.78,,,,,2.857142857,0.742857143
FL20,Fall,2020,27,2,3,502,2020-09-28T00:00:00Z,Lumpfish,3,1.28,,,,,3,1.28
FL20,Fall,2020,29,2,3,506,2020-09-28T00:00:00Z,Lumpfish,1,0.41,,,,,1.333333333,0.546666667
FL20,Fall,2020,31,2,4,696,2020-09-29T00:00:00Z,Lumpfish,1,0.27,,,,,0.952380952,0.257142857
FL20,Fall,2020,34,2,4,604,2020-09-29T00:00:00Z,Lumpfish,1,0.3,,,,,1,0.3
FL20,Fall,2020,36,2,2,102,2020-10-04T00:00:00Z,Lumpfish,1,0.32,,,,,1,0.32
FL20,Fall,2020,47,3,3,490,2020-10-07T00:00:00Z,Lumpfish,1,0.54,,,,,0.952380952,0.514285714
FL20,Fall,2020,64,4,4,600,2020-10-14T00:00:00Z,Lumpfish,1,0.17,,,,,1,0.17
FL20,Fall,2020,70,4,4,447,2020-10-15T00:00:00Z,Lumpfish,1,0.9,,,,,1,0.9
FL20,Fall,2020,90,5,3,24,2020-10-23T00:00:00Z,Lumpfish,1,0.004,,,,,1.25,0.005
FL21,Fall,2021,1,1,3,523,2021-09-27T00:00:00Z,Lumpfish,1,0.79,,,,,1,0.79
FL21,Fall,2021,2,1,4,585,2021-09-27T00:00:00Z,Lumpfish,1,0.24,,,,,1,0.24
FL21,Fall,2021,8,1,4,336,2021-09-28T00:00:00Z,Lumpfish,2,0.76,,,,,2,0.76
FL21,Fall,2021,34,2,4,515,2021-10-06T00:00:00Z,Lumpfish,1,1.37,,,,,1,1.37
FL21,Fall,2021,36,2,3,170,2021-10-06T00:00:00Z,Lumpfish,2,0.66,,,,,2,0.66
FL21,Fall,2021,38,2,3,242,2021-10-07T00:00:00Z,Lumpfish,1,0.26,,,,,1,0.26
FL21,Fall,2021,40,2,2,77,2021-10-07T00:00:00Z,Lumpfish,1,0.02,,,,,1,0.02
FL21,Fall,2021,71,4,4,598,2021-10-20T00:00:00Z,Lumpfish,1,0.42,,,,,1.052631579,0.442105263
SP01,Spring,2001,1,1,1,529,2001-04-23T00:00:00Z,Lumpfish,1,2.6,0,,,,1,2.6
SP01,Spring,2001,30,2,3,441,2001-05-01T00:00:00Z,Lumpfish,1,3,0,,,,1,3
SP01,Spring,2001,41,2,1,22,2001-05-04T00:00:00Z,Lumpfish,1,0.01,0,,,,1,0.01
SP01,Spring,2001,44,2,2,88,2001-05-04T00:00:00Z,Lumpfish,1,3.2,0,,,,1,3.2
SP01,Spring,2001,73,4,3,562,2001-05-15T00:00:00Z,Lumpfish,1,1.1,0,,,,1.25,1.375
SP01,Spring,2001,103,5,1,173,2001-05-23T00:00:00Z,Lumpfish,1,1.6,0,,,,1.111111111,1.777777778
SP01,Spring,2001,107,5,3,64,2001-05-24T00:00:00Z,Lumpfish,1,4.5,0,,,,1,4.5
SP02,Spring,2002,23,2,1,126,2002-05-15T00:00:00Z,Lumpfish,1,0.05,0,,,,0.952380952,0.047619048
SP02,Spring,2002,57,3,1,86,2002-05-25T00:00:00Z,Lumpfish,1,0.02,0,,,,1.111111111,0.022222222
SP02,Spring,2002,64,4,3,456,2002-05-28T00:00:00Z,Lumpfish,1,1.06,0,,,,1,1.06
SP02,Spring,2002,94,5,3,350,2002-06-07T00:00:00Z,Lumpfish,1,4.46,0,,,,1.111111111,4.955555556
SP03,Spring,2003,11,1,4,640,2003-05-07T00:00:00Z,Lumpfish,1,0.36,0,,,,1,0.36
SP03,Spring,2003,67,4,3,562,2003-05-27T00:00:00Z,Lumpfish,1,0.48,0,,,,1.111111111,0.533333333
SP03,Spring,2003,81,4,3,215,2003-05-30T00:00:00Z,Lumpfish,2,1.04,0,,,,2,1.04
SP03,Spring,2003,84,5,3,561,2003-06-02T00:00:00Z,Lumpfish,1,0.37,0,,,,1.111111111,0.411111111
SP03,Spring,2003,85,5,4,627,2003-06-02T00:00:00Z,Lumpfish,1,0.72,0,,,,1,0.72
SP03,Spring,2003,89,5,3,587,2003-06-03T00:00:00Z,Lumpfish,5,3.76,0,,,,5,3.76
SP03,Spring,2003,90,5,4,697,2003-06-03T00:00:00Z,Lumpfish,1,0.56,0,,,,1,0.56
SP03,Spring,2003,94,5,3,339,2003-06-04T00:00:00Z,Lumpfish,1,0.6,0,,,,1,0.6
SP03,Spring,2003,96,5,2,205,2003-06-05T00:00:00Z,Lumpfish,8,4.26,0,,,,9.411764706,5.011764706
SP03,Spring,2003,97,5,1,113,2003-06-05T00:00:00Z,Lumpfish,2,0.75,0,,,,2,0.75
SP04,Spring,2004,64,3,3,539,2004-05-21T00:00:00Z,Lumpfish,1,1.94,,,,,1.176470588,2.282352941
SP04,Spring,2004,69,4,3,577,2004-05-25T00:00:00Z,Lumpfish,1,1.32,,,,,1,1.32
SP04,Spring,2004,82,4,2,66,2004-05-28T00:00:00Z,Lumpfish,1,2.54,,,,,1,2.54
SP04,Spring,2004,98,5,3,339,2004-06-07T00:00:00Z,Lumpfish,3,3.14,,,,,3,3.14
SP04,Spring,2004,102,5,2,43,2004-06-08T00:00:00Z,Lumpfish,1,2.04,,,,,1,2.04
SP04,Spring,2004,103,5,3,30,2004-06-08T00:00:00Z,Lumpfish,2,8.66,,,,,2,8.66
SP05,Spring,2005,4,1,1,416,2005-05-02T00:00:00Z,Lumpfish,1,1.34,0,,,,1,1.34
SP05,Spring,2005,88,5,3,629,2005-06-06T00:00:00Z,Lumpfish,1,0.38,0,,,,1,0.38
SP05,Spring,2005,89,5,3,584,2005-06-07T00:00:00Z,Lumpfish,2,1.2,0,,,,2,1.2
SP05,Spring,2005,91,5,2,466,2005-06-07T00:00:00Z,Lumpfish,2,1.48,0,,,,2,1.48
SP05,Spring,2005,93,5,3,547,2005-06-08T00:00:00Z,Lumpfish,1,0.76,0,,,,1,0.76
SP05,Spring,2005,96,5,4,729,2005-06-08T00:00:00Z,Lumpfish,3,9.8,0,,,,3,9.8
SP05,Spring,2005,99,5,3,92,2005-06-09T00:00:00Z,Lumpfish,1,0.48,0,,,,1.052631579,0.505263158
SP05,Spring,2005,101,5,2,87,2005-06-09T00:00:00Z,Lumpfish,3,3.14,0,,,,3.157894737,3.305263158
SP06,Spring,2006,48,3,3,589,2006-05-15T00:00:00Z,Lumpfish,1,0.44,0,,,,1,0.44
SP06,Spring,2006,49,3,3,545,2006-05-15T00:00:00Z,Lumpfish,1,5.78,0,,,,1,5.78
SP06,Spring,2006,60,3,4,787,2006-05-17T00:00:00Z,Lumpfish,3,4.76,0,,,,3.333333333,5.288888889
SP06,Spring,2006,63,3,4,743,2006-05-18T00:00:00Z,Lumpfish,2,12.42,0,,,,2,12.42
SP06,Spring,2006,75,4,4,648,2006-05-23T00:00:00Z,Lumpfish,4,8.76,0,,,,4,8.76
SP06,Spring,2006,76,4,4,649,2006-05-23T00:00:00Z,Lumpfish,1,0.56,0,,,,1,0.56
SP06,Spring,2006,77,4,3,483,2006-05-23T00:00:00Z,Lumpfish,2,2.2,0,,,,2,2.2
SP06,Spring,2006,83,4,3,212,2006-05-25T00:00:00Z,Lumpfish,2,1.12,0,,,,2,1.12
SP06,Spring,2006,84,4,3,192,2006-05-25T00:00:00Z,Lumpfish,4,2.02,0,,,,4,2.02
SP06,Spring,2006,85,4,3,270,2006-05-25T00:00:00Z,Lumpfish,3,3.06,0,,,,3,3.06
SP06,Spring,2006,86,4,3,384,2006-05-25T00:00:00Z,Lumpfish,3,3.38,0,,,,3,3.38
SP06,Spring,2006,90,4,2,82,2006-05-26T00:00:00Z,Lumpfish,2,1.06,0,,,,2.352941176,1.247058824
SP06,Spring,2006,97,5,4,708,2006-05-30T00:00:00Z,Lumpfish,1,1.08,0,,,,1,1.08
SP06,Spring,2006,107,5,3,225,2006-06-05T00:00:00Z,Lumpfish,2,0.62,0,,,,2,0.62
SP06,Spring,2006,108,5,3,388,2006-06-05T00:00:00Z,Lumpfish,6,4.32,0,,,,6,4.32
SP07,Spring,2007,39,2,2,45,2007-05-17T00:00:00Z,Lumpfish,1,4.06,0,,,,1,4.06
SP07,Spring,2007,41,2,2,96,2007-05-17T00:00:00Z,Lumpfish,1,4.82,0,,,,1,4.82
SP07,Spring,2007,60,3,3,331,2007-05-24T00:00:00Z,Lumpfish,1,0.44,0,,,,1,0.44
SP07,Spring,2007,62,3,3,388,2007-05-24T00:00:00Z,Lumpfish,1,0.54,0,,,,1.111111111,0.6
SP07,Spring,2007,63,3,4,736,2007-05-24T00:00:00Z,Lumpfish,3,4.78,0,,,,3.157894737,5.031578947
SP07,Spring,2007,64,3,1,188,2007-05-25T00:00:00Z,Lumpfish,1,4.6,0,,,,1.428571429,6.571428571
SP07,Spring,2007,69,4,3,515,2007-05-28T00:00:00Z,Lumpfish,1,0.32,0,,,,1,0.32
SP07,Spring,2007,70,4,3,555,2007-05-28T00:00:00Z,Lumpfish,1,0.7,0,,,,1,0.7
SP07,Spring,2007,72,4,4,722,2007-05-29T00:00:00Z,Lumpfish,2,1.3,0,,,,2,1.3
SP07,Spring,2007,81,4,3,352,2007-06-03T00:00:00Z,Lumpfish,2,1.14,0,,,,2,1.14
SP07,Spring,2007,83,4,3,272,2007-06-03T00:00:00Z,Lumpfish,3,2,0,,,,3,2
SP07,Spring,2007,94,5,3,519,2007-06-06T00:00:00Z,Lumpfish,2,1.96,0,,,,2,1.96
SP07,Spring,2007,95,5,3,443,2007-06-07T00:00:00Z,Lumpfish,1,0.36,0,,,,1,0.36
SP07,Spring,2007,100,5,3,339,2007-06-07T00:00:00Z,Lumpfish,6,3.78,0,,,,6,3.78
SP07,Spring,2007,101,5,3,11,2007-06-08T00:00:00Z,Lumpfish,2,1.4,0,,,,2,1.4
SP07,Spring,2007,104,5,3,79,2007-06-08T00:00:00Z,Lumpfish,1,0.46,0,,,,1.052631579,0.484210526
SP07,Spring,2007,105,5,1,85,2007-06-09T00:00:00Z,Lumpfish,1,3.48,0,,,,1,3.48
SP07,Spring,2007,107,5,2,190,2007-06-09T00:00:00Z,Lumpfish,1,0.33,0,,,,1,0.33
SP08,Spring,2008,37,2,1,9,2008-05-15T00:00:00Z,Lumpfish,1,0.01,0,,,,1,0.01
SP08,Spring,2008,38,2,1,53,2008-05-15T00:00:00Z,Lumpfish,1,3.86,0,,,,1,3.86
SP08,Spring,2008,58,3,4,730,2008-05-21T00:00:00Z,Lumpfish,1,1.62,0,,,,1,1.62
SP08,Spring,2008,71,4,1,166,2008-05-26T00:00:00Z,Lumpfish,3,0.03,0,,,,3,0.03
SP08,Spring,2008,77,4,4,622,2008-05-28T00:00:00Z,Lumpfish,1,0.92,0,,,,1,0.92
SP08,Spring,2008,83,4,4,331,2008-05-29T00:00:00Z,Lumpfish,1,7.9,0,,,,1,7.9
SP08,Spring,2008,92,5,2,606,2008-06-02T00:00:00Z,Lumpfish,2,1.64,0,,,,2,1.64
SP08,Spring,2008,93,5,3,634,2008-06-02T00:00:00Z,Lumpfish,1,0.52,0,,,,1,0.52
SP08,Spring,2008,99,5,3,468,2008-06-03T00:00:00Z,Lumpfish,4,2.39,0,,,,4,2.39
SP08,Spring,2008,100,5,3,589,2008-06-03T00:00:00Z,Lumpfish,2,1.56,0,,,,2,1.56
SP08,Spring,2008,101,5,3,527,2008-06-04T00:00:00Z,Lumpfish,3,2.86,0,,,,3.333333333,3.177777778
SP08,Spring,2008,102,5,3,333,2008-06-04T00:00:00Z,Lumpfish,1,0.66,0,,,,1,0.66
SP08,Spring,2008,106,5,2,89,2008-06-05T00:00:00Z,Lumpfish,1,0.65,0,,,,1,0.65
SP08,Spring,2008,107,5,1,61,2008-06-05T00:00:00Z,Lumpfish,3,8.02,0,,,,3,8.02
SP08,Spring,2008,110,5,1,28,2008-06-06T00:00:00Z,Lumpfish,2,0.06,0,,,,2,0.06
SP09,Spring,2009,52,3,1,254,2009-05-18T00:00:00Z,Lumpfish,1,3.36,0,,,,1,3.36
SP09,Spring,2009,59,3,4,783,2009-05-20T00:00:00Z,Lumpfish,1,1.36,0,,,,1,1.36
SP09,Spring,2009,71,4,3,538,2009-05-25T00:00:00Z,Lumpfish,1,4.16,0,,,,1,4.16
SP09,Spring,2009,75,4,4,597,2009-05-26T00:00:00Z,Lumpfish,3,1.42,0,,,,3,1.42
SP09,Spring,2009,80,4,2,130,2009-05-27T00:00:00Z,Lumpfish,1,0.03,0,,,,1,0.03
SP09,Spring,2009,81,4,1,91,2009-05-27T00:00:00Z,Lumpfish,1,0.01,0,,,,1,0.01
SP09,Spring,2009,100,5,3,349,2009-06-03T00:00:00Z,Lumpfish,4,1.6,0,,,,4,1.6
SP09,Spring,2009,103,5,4,503,2009-06-03T00:00:00Z,Lumpfish,1,0.75,0,,,,1,0.75
SP10,Spring,2010,49,3,2,409,2010-05-17T00:00:00Z,Lumpfish,1,0.5,0,,,,1,0.5
SP10,Spring,2010,55,3,4,705,2010-05-18T00:00:00Z,Lumpfish,2,4.38,0,,,,2,4.38
SP10,Spring,2010,56,3,4,741,2010-05-18T00:00:00Z,Lumpfish,1,0.5,0,,,,1,0.5
SP10,Spring,2010,63,3,1,28,2010-05-19T00:00:00Z,Lumpfish,1,0.01,0,,,,1,0.01
SP10,Spring,2010,66,3,3,382,2010-05-20T00:00:00Z,Lumpfish,1,0.33,0,,,,1,0.33
SP10,Spring,2010,72,4,3,610,2010-05-24T00:00:00Z,Lumpfish,2,2.24,0,,,,2,2.24
SP10,Spring,2010,73,4,4,687,2010-05-24T00:00:00Z,Lumpfish,2,1.38,0,,,,2.222222222,1.533333333
SP10,Spring,2010,74,4,3,614,2010-05-24T00:00:00Z,Lumpfish,1,0.34,0,,,,1,0.34
SP10,Spring,2010,81,4,2,92,2010-05-25T00:00:00Z,Lumpfish,2,1.13,0,,,,2.222222222,1.255555556
SP10,Spring,2010,83,4,4,596,2010-05-26T00:00:00Z,Lumpfish,2,4.92,0,,,,2,4.92
SP10,Spring,2010,87,4,3,302,2010-05-27T00:00:00Z,Lumpfish,1,0.79,0,,,,1,0.79
SP10,Spring,2010,89,4,4,327,2010-05-27T00:00:00Z,Lumpfish,1,0.03,0,,,,1,0.03
SP10,Spring,2010,92,4,2,203,2010-05-27T00:00:00Z,Lumpfish,1,0.75,0,,,,1,0.75
SP10,Spring,2010,102,5,3,557,2010-06-01T00:00:00Z,Lumpfish,1,0.46,0,,,,1,0.46
SP10,Spring,2010,103,5,4,639,2010-06-02T00:00:00Z,Lumpfish,4,2.68,0,,,,4,2.68
SP10,Spring,2010,106,5,4,643,2010-06-02T00:00:00Z,Lumpfish,5,3.9,0,,,,5,3.9
SP10,Spring,2010,108,5,2,459,2010-06-02T00:00:00Z,Lumpfish,1,0.73,0,,,,1.111111111,0.811111111
SP10,Spring,2010,110,5,2,226,2010-06-03T00:00:00Z,Lumpfish,1,4.62,0,,,,1,4.62
SP10,Spring,2010,112,5,3,142,2010-06-03T00:00:00Z,Lumpfish,1,0.57,0,,,,1,0.57
SP10,Spring,2010,114,5,1,86,2010-06-03T00:00:00Z,Lumpfish,1,0.01,0,,,,1,0.01
SP10,Spring,2010,116,5,3,76,2010-06-04T00:00:00Z,Lumpfish,5,3,0,,,,5,3
SP10,Spring,2010,117,5,3,94,2010-06-04T00:00:00Z,Lumpfish,4,2.2,0,,,,4,2.2
SP11,Spring,2011,25,2,1,214,2011-05-09T00:00:00Z,Lumpfish,1,0.02,,,,,1,0.02
SP11,Spring,2011,61,3,4,782,2011-05-18T00:00:00Z,Lumpfish,1,0.64,,,,,1,0.64
SP11,Spring,2011,65,3,4,611,2011-05-19T00:00:00Z,Lumpfish,1,0.2,,,,,1,0.2
SP11,Spring,2011,67,3,3,427,2011-05-19T00:00:00Z,Lumpfish,1,0.4,,,,,1.25,0.5
SP11,Spring,2011,72,4,3,610,2011-05-23T00:00:00Z,Lumpfish,1,0.24,,,,,1,0.24
SP11,Spring,2011,73,4,3,543,2011-05-23T00:00:00Z,Lumpfish,2,0.8,,,,,2,0.8
SP11,Spring,2011,74,4,3,490,2011-05-23T00:00:00Z,Lumpfish,2,1.22,,,,,2.105263158,1.284210526
SP11,Spring,2011,77,4,1,64,2011-05-24T00:00:00Z,Lumpfish,1,0.37,,,,,1.176470588,0.435294118
SP11,Spring,2011,81,4,4,681,2011-05-25T00:00:00Z,Lumpfish,1,0.4,,,,,1,0.4
SP11,Spring,2011,82,4,4,577,2011-05-25T00:00:00Z,Lumpfish,4,1.72,,,,,4.705882353,2.023529412
SP11,Spring,2011,86,4,2,73,2011-05-26T00:00:00Z,Lumpfish,1,0.22,,,,,1.333333333,0.293333333
SP11,Spring,2011,88,4,2,158,2011-05-26T00:00:00Z,Lumpfish,1,0.35,,,,,1,0.35
SP11,Spring,2011,91,4,3,298,2011-05-27T00:00:00Z,Lumpfish,4,2.16,,,,,4,2.16
SP11,Spring,2011,95,5,2,549,2011-05-30T00:00:00Z,Lumpfish,2,0.84,,,,,2,0.84
SP11,Spring,2011,96,5,3,655,2011-05-30T00:00:00Z,Lumpfish,2,1.72,,,,,2,1.72
SP11,Spring,2011,97,5,4,719,2011-05-30T00:00:00Z,Lumpfish,1,0.58,,,,,1,0.58
SP11,Spring,2011,98,5,2,392,2011-05-30T00:00:00Z,Lumpfish,1,0.18,,,,,1.111111111,0.2
SP11,Spring,2011,99,5,3,402,2011-05-31T00:00:00Z,Lumpfish,1,1.04,,,,,1,1.04
SP11,Spring,2011,100,5,3,493,2011-05-31T00:00:00Z,Lumpfish,2,1.02,,,,,2.222222222,1.133333333
SP11,Spring,2011,101,5,2,459,2011-05-31T00:00:00Z,Lumpfish,2,1.48,,,,,2,1.48
SP11,Spring,2011,103,5,1,238,2011-05-31T00:00:00Z,Lumpfish,1,0.05,,,,,1.052631579,0.052631579
SP11,Spring,2011,106,5,4,621,2011-06-01T00:00:00Z,Lumpfish,10,6.94,,,,,10,6.94
SP11,Spring,2011,116,5,3,65,2011-06-03T00:00:00Z,Lumpfish,1,0.52,,,,,1.25,0.65
SP12,Spring,2012,6,1,2,597,2012-05-01T00:00:00Z,Lumpfish,1,0.66,,,,,1.176470588,0.776470588
SP12,Spring,2012,25,2,3,561,2012-05-07T00:00:00Z,Lumpfish,3,1.7,,,,,3,1.7
SP12,Spring,2012,34,2,4,620,2012-05-08T00:00:00Z,Lumpfish,1,0.9,,,,,1,0.9
SP12,Spring,2012,42,2,3,169,2012-05-10T00:00:00Z,Lumpfish,1,0.65,,,,,1,0.65
SP12,Spring,2012,47,2,2,69,2012-05-11T00:00:00Z,Lumpfish,4,1.6,,,,,4,1.6
SP12,Spring,2012,53,3,2,392,2012-05-14T00:00:00Z,Lumpfish,1,0.56,,,,,1,0.56
SP12,Spring,2012,66,3,4,584,2012-05-17T00:00:00Z,Lumpfish,1,0.66,,,,,1.333333333,0.88
SP12,Spring,2012,67,3,3,422,2012-05-17T00:00:00Z,Lumpfish,1,0.03,,,,,1.333333333,0.04
SP12,Spring,2012,69,3,2,160,2012-05-18T00:00:00Z,Lumpfish,1,0.55,,,,,1.176470588,0.647058824
SP12,Spring,2012,81,4,3,464,2012-05-23T00:00:00Z,Lumpfish,1,0.27,,,,,1,0.27
SP12,Spring,2012,110,5,3,348,2012-05-31T00:00:00Z,Lumpfish,1,0.01,,,,,1.333333333,0.013333333
SP12,Spring,2012,112,5,2,201,2012-05-31T00:00:00Z,Lumpfish,1,0.38,,,,,1.25,0.475
SP13,Spring,2013,13,1,3,308,2013-05-08T00:00:00Z,Lumpfish,1,0.66,,,,,1,0.66
SP13,Spring,2013,31,2,4,644,2013-05-14T00:00:00Z,Lumpfish,1,0.56,,,,,1.176470588,0.658823529
SP13,Spring,2013,40,2,4,627,2013-05-16T00:00:00Z,Lumpfish,1,1.01,,,,,1,1.01
SP13,Spring,2013,44,2,3,274,2013-05-16T00:00:00Z,Lumpfish,1,0.45,,,,,1,0.45
SP13,Spring,2013,48,2,2,232,2013-05-17T00:00:00Z,Lumpfish,1,0.54,,,,,1,0.54
SP13,Spring,2013,52,3,3,544,2013-05-20T00:00:00Z,Lumpfish,2,1.48,,,,,1.818181818,1.345454545
SP13,Spring,2013,84,4,3,329,2013-05-29T00:00:00Z,Lumpfish,1,0.25,,,,,0.869565217,0.217391304
SP13,Spring,2013,86,4,2,124,2013-05-30T00:00:00Z,Lumpfish,3,1.86,,,,,3,1.86
SP13,Spring,2013,88,4,3,226,2013-05-30T00:00:00Z,Lumpfish,1,0.3,,,,,1,0.3
SP13,Spring,2013,89,4,2,158,2013-05-30T00:00:00Z,Lumpfish,1,0.39,,,,,1,0.39
SP13,Spring,2013,92,4,1,12,2013-05-31T00:00:00Z,Lumpfish,3,0.07,,,,,4.285714286,0.1
SP13,Spring,2013,95,5,2,651,2013-06-03T00:00:00Z,Lumpfish,1,0.37,,,,,1.333333333,0.493333333
SP13,Spring,2013,100,5,4,639,2013-06-04T00:00:00Z,Lumpfish,1,0.68,,,,,1,0.68
SP13,Spring,2013,105,5,4,621,2013-06-05T00:00:00Z,Lumpfish,2,2.08,,,,,2,2.08
SP14,Spring,2014,11,1,1,340,2014-05-07T00:00:00Z,Lumpfish,1,0.92,,,,,1.111111111,1.022222222
SP14,Spring,2014,18,1,3,207,2014-05-08T00:00:00Z,Lumpfish,1,0.003,,,,,1.176470588,0.003529412
SP14,Spring,2014,66,3,4,534,2014-05-22T00:00:00Z,Lumpfish,1,0.82,,,,,1,0.82
SP14,Spring,2014,68,3,2,248,2014-05-23T00:00:00Z,Lumpfish,1,0.45,,,,,1.052631579,0.473684211
SP14,Spring,2014,81,4,4,414,2014-05-29T00:00:00Z,Lumpfish,1,0.6,,,,,1,0.6
SP14,Spring,2014,99,5,3,615,2014-06-03T00:00:00Z,Lumpfish,1,0.46,,,,,1,0.46
SP14,Spring,2014,113,5,2,44,2014-06-06T00:00:00Z,Lumpfish,1,0.45,,,,,1,0.45
SP15,Spring,2015,75,4,3,514,2015-05-25T00:00:00Z,Lumpfish,1,7.08,,,,,1,7.08
SP15,Spring,2015,94,4,3,274,2015-05-28T00:00:00Z,Lumpfish,1,0.44,,,,,1,0.44
SP15,Spring,2015,97,4,2,88,2015-05-29T00:00:00Z,Lumpfish,1,6.46,,,,,1,6.46
SP15,Spring,2015,101,5,2,550,2015-06-01T00:00:00Z,Lumpfish,2,0.92,,,,,2.352941176,1.082352941
SP15,Spring,2015,104,5,3,523,2015-06-02T00:00:00Z,Lumpfish,1,0.84,,,,,1,0.84
SP15,Spring,2015,107,5,4,680,2015-06-05T00:00:00Z,Lumpfish,1,0.95,,,,,1,0.95
SP15,Spring,2015,110,5,3,336,2015-06-03T00:00:00Z,Lumpfish,2,1.25,,,,,2,1.25
SP15,Spring,2015,119,5,3,232,2015-06-04T00:00:00Z,Lumpfish,1,0.5,,,,,1.25,0.625
SP16,Spring,2016,1,1,3,542,2016-05-02T00:00:00Z,Lumpfish,2,2.77,,,,,2,2.77
SP16,Spring,2016,3,1,2,575,2016-05-02T00:00:00Z,Lumpfish,1,0.83,,,,,1,0.83
SP16,Spring,2016,5,1,1,591,2016-05-02T00:00:00Z,Lumpfish,1,1.24,,,,,1,1.24
SP16,Spring,2016,8,1,3,422,2016-05-03T00:00:00Z,Lumpfish,1,0.9,,,,,1,0.9
SP16,Spring,2016,18,1,4,257,2016-05-05T00:00:00Z,Lumpfish,1,0.86,,,,,1,0.86
SP16,Spring,2016,23,1,3,87,2016-05-06T00:00:00Z,Lumpfish,3,2.01,,,,,3,2.01
SP16,Spring,2016,24,1,3,77,2016-05-06T00:00:00Z,Lumpfish,3,1.82,,,,,3,1.82
SP16,Spring,2016,25,2,3,611,2016-05-09T00:00:00Z,Lumpfish,1,0.01,,,,,1.428571429,0.014285714
SP16,Spring,2016,31,2,1,130,2016-05-10T00:00:00Z,Lumpfish,2,0.05,,,,,2,0.05
SP16,Spring,2016,46,2,1,53,2016-05-12T00:00:00Z,Lumpfish,1,0.02,,,,,1,0.02
SP16,Spring,2016,49,3,3,541,2016-05-16T00:00:00Z,Lumpfish,1,6.15,,,,,1,6.15
SP16,Spring,2016,77,4,2,455,2016-05-23T00:00:00Z,Lumpfish,1,0.35,,,,,1,0.35
SP17,Spring,2017,7,1,2,434,2017-05-02T00:00:00Z,Lumpfish,1,0.47,,,,,1.052631579,0.494736842
SP17,Spring,2017,19,1,4,135,2017-05-04T00:00:00Z,Lumpfish,1,0.03,,,,,1,0.03
SP17,Spring,2017,35,2,1,261,2017-05-09T00:00:00Z,Lumpfish,2,0.02,,,,,2,0.02
SP17,Spring,2017,51,3,3,463,2017-05-15T00:00:00Z,Lumpfish,1,0.35,,,,,1,0.35
SP17,Spring,2017,63,3,4,756,2017-05-17T00:00:00Z,Lumpfish,1,1.24,,,,,1,1.24
SP17,Spring,2017,67,3,3,532,2017-05-18T00:00:00Z,Lumpfish,1,0.4,,,,,1,0.4
SP17,Spring,2017,69,3,3,382,2017-05-18T00:00:00Z,Lumpfish,1,0.52,,,,,1,0.52
SP17,Spring,2017,72,3,2,248,2017-05-19T00:00:00Z,Lumpfish,1,0.46,,,,,1,0.46
SP17,Spring,2017,74,3,2,135,2017-05-19T00:00:00Z,Lumpfish,2,0.78,,,,,2,0.78
SP17,Spring,2017,78,4,4,674,2017-05-22T00:00:00Z,Lumpfish,1,0.47,,,,,1,0.47
SP17,Spring,2017,79,4,2,455,2017-05-22T00:00:00Z,Lumpfish,1,0.6,,,,,1.25,0.75
SP17,Spring,2017,86,4,4,549,2017-05-24T00:00:00Z,Lumpfish,2,1.7,,,,,2,1.7
SP17,Spring,2017,90,4,2,141,2017-02-25T00:00:00Z,Lumpfish,1,0.4,,,,,1,0.4
SP17,Spring,2017,91,4,3,223,2017-05-25T00:00:00Z,Lumpfish,1,0.004,,,,,1,0.004
SP17,Spring,2017,92,4,3,244,2017-05-25T00:00:00Z,Lumpfish,1,0.44,,,,,1,0.44
SP17,Spring,2017,95,4,1,18,2017-05-26T00:00:00Z,Lumpfish,1,0.02,,,,,1,0.02
SP17,Spring,2017,100,5,3,676,2017-05-29T00:00:00Z,Lumpfish,1,0.29,,,,,0.952380952,0.276190476
SP17,Spring,2017,103,5,1,290,2017-05-29T00:00:00Z,Lumpfish,10,2.98,,,,,10.52631579,3.136842105
SP17,Spring,2017,105,5,3,493,2017-05-30T00:00:00Z,Lumpfish,1,0.35,,,,,1,0.35
SP17,Spring,2017,109,5,4,591,2017-05-30T00:00:00Z,Lumpfish,1,0.62,,,,,1,0.62
SP17,Spring,2017,115,5,2,225,2017-06-01T00:00:00Z,Lumpfish,3,1.05,,,,,3,1.05
SP17,Spring,2017,118,5,2,121,2017-06-01T00:00:00Z,Lumpfish,2,0.68,,,,,2,0.68
SP17,Spring,2017,121,5,3,24,2017-06-02T00:00:00Z,Lumpfish,2,0.78,,,,,2,0.78
SP18,Spring,2018,17,1,4,277,2018-05-03T00:00:00Z,Lumpfish,2,2.18,,,,,2,2.18
SP18,Spring,2018,25,2,1,408,2018-05-07T00:00:00Z,Lumpfish,1,0.49,,,,,1,0.49
SP18,Spring,2018,26,2,2,453,2018-05-07T00:00:00Z,Lumpfish,1,0.27,,,,,1,0.27
SP18,Spring,2018,34,2,2,136,2018-05-08T00:00:00Z,Lumpfish,1,0.25,,,,,1,0.25
SP18,Spring,2018,37,2,3,594,2018-05-09T00:00:00Z,Lumpfish,1,0.31,,,,,1,0.31
SP18,Spring,2018,46,2,3,242,2018-05-11T00:00:00Z,Lumpfish,1,0.23,,,,,1,0.23
SP18,Spring,2018,49,3,3,548,2018-05-14T00:00:00Z,Lumpfish,2,0.69,,,,,2,0.69
SP18,Spring,2018,58,3,4,770,2018-05-16T00:00:00Z,Lumpfish,1,1.05,,,,,1,1.05
SP18,Spring,2018,62,3,3,422,2018-05-17T00:00:00Z,Lumpfish,3,1.31,,,,,3.75,1.6375
SP18,Spring,2018,64,3,4,481,2018-05-17T00:00:00Z,Lumpfish,1,0.41,,,,,1,0.41
SP18,Spring,2018,65,3,4,510,2018-05-17T00:00:00Z,Lumpfish,1,0.38,,,,,1,0.38
SP18,Spring,2018,72,3,2,461,2018-05-18T00:00:00Z,Lumpfish,1,0.09,,,,,0.952380952,0.085714286
SP18,Spring,2018,73,4,3,584,2018-05-21T00:00:00Z,Lumpfish,1,0.37,,,,,1,0.37
SP18,Spring,2018,74,4,3,610,2018-05-21T00:00:00Z,Lumpfish,1,0.47,,,,,1,0.47
SP18,Spring,2018,81,4,4,600,2018-05-23T00:00:00Z,Lumpfish,2,1.08,,,,,2,1.08
SP18,Spring,2018,83,4,3,595,2018-05-23T00:00:00Z,Lumpfish,1,0.69,,,,,1.111111111,0.766666667
SP18,Spring,2018,85,4,3,268,2018-05-24T00:00:00Z,Lumpfish,1,0.38,,,,,1,0.38
SP18,Spring,2018,90,4,2,121,2018-05-24T00:00:00Z,Lumpfish,1,0.52,,,,,1,0.52
SP18,Spring,2018,95,4,2,72,2018-05-25T00:00:00Z,Lumpfish,4,1.43,,,,,4,1.43
SP18,Spring,2018,99,5,1,353,2018-05-28T00:00:00Z,Lumpfish,1,0.004,,,,,1.176470588,0.004705882
SP18,Spring,2018,100,5,1,322,2018-05-28T00:00:00Z,Lumpfish,1,0.19,,,,,1,0.19
SP18,Spring,2018,105,5,3,615,2018-05-29T00:00:00Z,Lumpfish,1,0.4,,,,,1,0.4
SP18,Spring,2018,106,5,3,561,2018-05-29T00:00:00Z,Lumpfish,1,0.43,,,,,1,0.43
SP18,Spring,2018,112,5,2,159,2018-05-31T00:00:00Z,Lumpfish,1,0.3,,,,,1,0.3
SP18,Spring,2018,114,5,2,141,2018-05-31T00:00:00Z,Lumpfish,1,0.35,,,,,1,0.35
SP18,Spring,2018,115,5,1,99,2018-05-31T00:00:00Z,Lumpfish,1,0.004,,,,,1,0.004
SP18,Spring,2018,118,5,3,47,2018-06-01T00:00:00Z,Lumpfish,1,0.4,,,,,1.176470588,0.470588235
SP19,Spring,2019,47,2,1,9,2019-05-10T00:00:00Z,Lumpfish,1,0.03,,,,,1,0.03
SP19,Spring,2019,49,3,2,387,2019-05-13T00:00:00Z,Lumpfish,1,0.58,,,,,1,0.58
SP19,Spring,2019,51,3,1,298,2019-05-13T00:00:00Z,Lumpfish,1,0.25,,,,,1,0.25
SP19,Spring,2019,60,3,3,620,2019-05-15T00:00:00Z,Lumpfish,1,0.22,,,,,1.333333333,0.293333333
SP19,Spring,2019,89,4,2,105,2019-05-23T00:00:00Z,Lumpfish,3,1.6,,,,,3,1.6
SP19,Spring,2019,94,4,2,17,2019-05-24T00:00:00Z,Lumpfish,4,1.05,,,,,4,1.05
SP19,Spring,2019,98,5,2,629,2019-05-27T00:00:00Z,Lumpfish,2,0.66,,,,,2,0.66
SP19,Spring,2019,100,5,1,258,2019-05-27T00:00:00Z,Lumpfish,1,0.49,,,,,1,0.49
SP19,Spring,2019,107,5,2,159,2019-05-29T00:00:00Z,Lumpfish,1,0.3,,,,,1.111111111,0.333333333
SP19,Spring,2019,110,5,2,226,2019-05-29T00:00:00Z,Lumpfish,1,0.24,,,,,0.952380952,0.228571429
SP19,Spring,2019,116,5,3,54,2019-05-30T00:00:00Z,Lumpfish,1,0.23,,,,,1.176470588,0.270588235
SP21,Spring,2021,2,1,4,585,2021-05-03T00:00:00Z,Lumpfish,2,1.42,,,,,2,1.42
SP21,Spring,2021,3,1,3,601,2021-05-03T00:00:00Z,Lumpfish,1,0.61,,,,,1,0.61
SP21,Spring,2021,9,1,4,336,2021-05-04T00:00:00Z,Lumpfish,1,0.46,,,,,1,0.46
SP21,Spring,2021,13,1,1,198,2021-05-05T00:00:00Z,Lumpfish,1,0.21,,,,,1.25,0.2625
SP21,Spring,2021,15,1,2,262,2021-05-05T00:00:00Z,Lumpfish,1,1.67,,,,,1,1.67
SP21,Spring,2021,17,1,3,100,2021-05-06T00:00:00Z,Lumpfish,3,1.77,,,,,3,1.77
SP21,Spring,2021,18,1,4,102,2021-05-06T00:00:00Z,Lumpfish,2,0.92,,,,,2,0.92
SP21,Spring,2021,19,1,3,66,2021-05-06T00:00:00Z,Lumpfish,1,0.47,,,,,1.176470588,0.552941176
SP21,Spring,2021,20,1,4,58,2021-05-06T00:00:00Z,Lumpfish,1,0.47,,,,,1,0.47
SP21,Spring,2021,25,2,4,741,2021-05-08T00:00:00Z,Lumpfish,1,0.81,,,,,1,0.81
SP21,Spring,2021,27,2,4,689,2021-05-08T00:00:00Z,Lumpfish,2,2.29,,,,,2,2.29
SP21,Spring,2021,28,2,1,410,2021-05-08T00:00:00Z,Lumpfish,1,0.4,,,,,1,0.4
SP21,Spring,2021,29,2,1,217,2021-05-09T00:00:00Z,Lumpfish,1,0.35,,,,,1.538461538,0.538461538
SP21,Spring,2021,31,2,2,462,2021-05-09T00:00:00Z,Lumpfish,1,0.45,,,,,1.052631579,0.473684211
SP21,Spring,2021,35,2,3,509,2021-05-10T00:00:00Z,Lumpfish,3,1.64,,,,,3,1.64
SP21,Spring,2021,36,2,4,624,2021-05-10T00:00:00Z,Lumpfish,1,0.48,,,,,1.052631579,0.505263158
SP21,Spring,2021,39,2,2,196,2021-05-10T00:00:00Z,Lumpfish,4,1.02,,,,,4,1.02
SP21,Spring,2021,40,2,3,170,2021-05-11T00:00:00Z,Lumpfish,2,0.69,,,,,2,0.69
SP21,Spring,2021,41,2,3,278,2021-05-11T00:00:00Z,Lumpfish,3,1.11,,,,,3.75,1.3875
SP21,Spring,2021,42,2,3,242,2021-05-11T00:00:00Z,Lumpfish,5,1.91,,,,,5.263157895,2.010526316
SP21,Spring,2021,43,2,3,208,2021-05-11T00:00:00Z,Lumpfish,2,0.9,,,,,2,0.9
SP21,Spring,2021,44,2,2,81,2021-05-11T00:00:00Z,Lumpfish,2,1.04,,,,,2,1.04
SP21,Spring,2021,45,2,1,71,2021-05-12T00:00:00Z,Lumpfish,2,0.79,,,,,2,0.79
SP21,Spring,2021,46,2,2,77,2021-05-12T00:00:00Z,Lumpfish,5,1.92,,,,,5,1.92
SP21,Spring,2021,48,3,3,567,2021-05-17T00:00:00Z,Lumpfish,1,0.21,,,,,1.333333333,0.28
SP21,Spring,2021,50,3,3,521,2021-05-17T00:00:00Z,Lumpfish,5,2.38,,,,,5.263157895,2.505263158
SP21,Spring,2021,51,3,2,392,2021-05-17T00:00:00Z,Lumpfish,1,0.3,,,,,1.052631579,0.315789474
SP21,Spring,2021,52,3,2,193,2021-05-17T00:00:00Z,Lumpfish,3,1.47,,,,,3,1.47
SP21,Spring,2021,53,3,1,151,2021-05-18T00:00:00Z,Lumpfish,7,2.6,,,,,7,2.6
SP21,Spring,2021,54,3,2,143,2021-05-18T00:00:00Z,Lumpfish,4,1.69,,,,,4.210526316,1.778947368
SP21,Spring,2021,55,3,2,89,2021-05-18T00:00:00Z,Lumpfish,6,3.52,,,,,6,3.52
SP21,Spring,2021,57,3,2,31,2021-05-18T00:00:00Z,Lumpfish,1,0.19,,,,,1.176470588,0.223529412
SP21,Spring,2021,58,3,1,111,2021-05-18T00:00:00Z,Lumpfish,3,1.09,,,,,3,1.09
SP21,Spring,2021,59,3,4,710,2021-05-19T00:00:00Z,Lumpfish,2,0.82,,,,,2.5,1.025
SP21,Spring,2021,60,3,4,730,2021-05-19T00:00:00Z,Lumpfish,3,1.51,,,,,3,1.51
SP21,Spring,2021,61,3,4,700,2021-05-19T00:00:00Z,Lumpfish,1,0.18,,,,,1.052631579,0.189473684
SP21,Spring,2021,63,3,3,336,2021-05-19T00:00:00Z,Lumpfish,2,1.02,,,,,2,1.02
SP21,Spring,2021,64,3,3,293,2021-05-20T00:00:00Z,Lumpfish,4,1.96,,,,,4,1.96
SP21,Spring,2021,66,3,4,456,2021-05-20T00:00:00Z,Lumpfish,3,1.56,,,,,3.157894737,1.642105263
SP21,Spring,2021,68,3,3,377,2021-05-20T00:00:00Z,Lumpfish,1,0.28,,,,,1,0.28
SP21,Spring,2021,69,3,1,171,2021-05-21T00:00:00Z,Lumpfish,1,0.02,,,,,1,0.02
SP21,Spring,2021,70,3,2,135,2021-05-21T00:00:00Z,Lumpfish,6,2.65,,,,,6,2.65
SP21,Spring,2021,71,3,1,136,2021-05-21T00:00:00Z,Lumpfish,3,1.4,,,,,3.157894737,1.473684211
SP21,Spring,2021,73,4,3,585,2021-05-24T00:00:00Z,Lumpfish,2,0.98,,,,,2,0.98
SP21,Spring,2021,74,4,3,653,2021-05-24T00:00:00Z,Lumpfish,1,0.03,,,,,1,0.03
SP21,Spring,2021,78,4,1,255,2021-05-25T00:00:00Z,Lumpfish,1,0.29,,,,,1,0.29
SP21,Spring,2021,83,4,3,497,2021-05-26T00:00:00Z,Lumpfish,3,1.24,,,,,3,1.24
SP21,Spring,2021,84,4,4,574,2021-05-26T00:00:00Z,Lumpfish,1,0.67,,,,,1,0.67
SP21,Spring,2021,86,4,4,641,2021-05-26T00:00:00Z,Lumpfish,1,0.28,,,,,1,0.28
SP21,Spring,2021,87,4,3,204,2021-05-26T00:00:00Z,Lumpfish,2,0.65,,,,,2,0.65
SP21,Spring,2021,88,4,3,274,2021-05-27T00:00:00Z,Lumpfish,1,0.56,,,,,1,0.56
SP21,Spring,2021,89,4,3,247,2021-05-27T00:00:00Z,Lumpfish,2,1.51,,,,,2,1.51
SP21,Spring,2021,90,4,3,221,2021-05-27T00:00:00Z,Lumpfish,2,1.2,,,,,2,1.2
SP21,Spring,2021,91,4,2,158,2021-05-27T00:00:00Z,Lumpfish,1,0.29,,,,,1,0.29
SP21,Spring,2021,93,4,2,102,2021-05-28T00:00:00Z,Lumpfish,9,4.25,,,,,9,4.25
SP21,Spring,2021,94,4,2,89,2021-05-28T00:00:00Z,Lumpfish,8,3.64,,,,,8,3.64
SP21,Spring,2021,95,4,2,59,2021-05-28T00:00:00Z,Lumpfish,8,4.44,,,,,8,4.44
SP21,Spring,2021,96,4,2,104,2021-05-28T00:00:00Z,Lumpfish,12,6.34,,,,,12,6.34
SP21,Spring,2021,97,5,2,601,2021-05-31T00:00:00Z,Lumpfish,4,1.6,,,,,4,1.6
SP21,Spring,2021,100,5,1,260,2021-05-31T00:00:00Z,Lumpfish,5,1.36,,,,,5,1.36
SP21,Spring,2021,102,5,3,500,2021-06-01T00:00:00Z,Lumpfish,1,0.33,,,,,1,0.33
SP21,Spring,2021,103,5,3,436,2021-06-01T00:00:00Z,Lumpfish,4,1.97,,,,,4.444444444,2.188888889
SP21,Spring,2021,104,5,3,333,2021-06-01T00:00:00Z,Lumpfish,5,2.12,,,,,5,2.12
SP21,Spring,2021,105,5,1,264,2021-06-01T00:00:00Z,Lumpfish,1,0.008,,,,,1,0.008
SP21,Spring,2021,109,5,4,666,2021-06-02T00:00:00Z,Lumpfish,1,0.17,,,,,1,0.17
SP21,Spring,2021,112,5,3,348,2021-06-03T00:00:00Z,Lumpfish,2,0.67,,,,,2,0.67
SP21,Spring,2021,113,5,3,281,2021-06-03T00:00:00Z,Lumpfish,2,0.23,,,,,2,0.23
SP21,Spring,2021,114,5,3,142,2021-06-03T00:00:00Z,Lumpfish,4,1.82,,,,,4,1.82
SP21,Spring,2021,116,5,3,47,2021-06-04T00:00:00Z,Lumpfish,7,3.11,,,,,7,3.11
SP21,Spring,2021,117,5,3,23,2021-06-04T00:00:00Z,Lumpfish,1,0.29,,,,,1,0.29
SP21,Spring,2021,118,5,3,33,2021-06-04T00:00:00Z,Lumpfish,8,3.66,,,,,8,3.66
